priority_rank,year,batch_id,reporter_id,reporter_iso3,reporter_name,canonical_name,wto_reporter_code,observed_partner_trade_usd_m_from_present_reporters,observed_present_reporter_count_importing_from_partner,priority_basis,source_portal,source_section,flow,product_scope,format,expected_batch_filename,expected_batch_path,download_status,source_family,notes
1,2025,CHN_2025,CHN,CHN,China,China,156,158756.608,2,observed trade from present reporters,WTO Data portal,INDICATORS,Imports by origin,TOTAL / All products,CSV,imports_CHN_2025.csv,C:\Users\Hayden.Stolzenberg\tarriff-tracker-git\data\raw\worldwide\wto_ttd\inbox\imports_batches\imports_CHN_2025.csv,pending,wto_ttd_bilateral_imports,Acquire one reporter-batch bilateral imports CSV for this reporter/year
2,2025,USA_2025,USA,USA,United States,United States,840,81840.144,2,observed trade from present reporters,WTO Data portal,INDICATORS,Imports by origin,TOTAL / All products,CSV,imports_USA_2025.csv,C:\Users\Hayden.Stolzenberg\tarriff-tracker-git\data\raw\worldwide\wto_ttd\inbox\imports_batches\imports_USA_2025.csv,pending,wto_ttd_bilateral_imports,Acquire one reporter-batch bilateral imports CSV for this reporter/year
3,2025,JPN_2025,JPN,JPN,Japan,Japan,392,22772.709,2,observed trade from present reporters,WTO Data portal,INDICATORS,Imports by origin,TOTAL / All products,CSV,imports_JPN_2025.csv,C:\Users\Hayden.Stolzenberg\tarriff-tracker-git\data\raw\worldwide\wto_ttd\inbox\imports_batches\imports_JPN_2025.csv,pending,wto_ttd_bilateral_imports,Acquire one reporter-batch bilateral imports CSV for this reporter/year
4,2025,KOR_2025,KOR,KOR,South Korea,South Korea,410,20156.618,2,observed trade from present reporters,WTO Data portal,INDICATORS,Imports by origin,TOTAL / All products,CSV,imports_KOR_2025.csv,C:\Users\Hayden.Stolzenberg\tarriff-tracker-git\data\raw\worldwide\wto_ttd\inbox\imports_batches\imports_KOR_2025.csv,pending,wto_ttd_bilateral_imports,Acquire one reporter-batch bilateral imports CSV for this reporter/year
5,2025,IND_2025,IND,IND,India,India,356,16615.968,2,observed trade from present reporters,WTO Data portal,INDICATORS,Imports by origin,TOTAL / All products,CSV,imports_IND_2025.csv,C:\Users\Hayden.Stolzenberg\tarriff-tracker-git\data\raw\worldwide\wto_ttd\inbox\imports_batches\imports_IND_2025.csv,pending,wto_ttd_bilateral_imports,Acquire one reporter-batch bilateral imports CSV for this reporter/year
6,2025,ARG_2025,ARG,ARG,Argentina,Argentina,032,14008.94,2,observed trade from present reporters,WTO Data portal,INDICATORS,Imports by origin,TOTAL / All products,CSV,imports_ARG_2025.csv,C:\Users\Hayden.Stolzenberg\tarriff-tracker-git\data\raw\worldwide\wto_ttd\inbox\imports_batches\imports_ARG_2025.csv,pending,wto_ttd_bilateral_imports,Acquire one reporter-batch bilateral imports CSV for this reporter/year
7,2025,RUS_2025,RUS,RUS,Russia,Russia,643,10288.085,2,observed trade from present reporters,WTO Data portal,INDICATORS,Imports by origin,TOTAL / All products,CSV,imports_RUS_2025.csv,C:\Users\Hayden.Stolzenberg\tarriff-tracker-git\data\raw\worldwide\wto_ttd\inbox\imports_batches\imports_RUS_2025.csv,pending,wto_ttd_bilateral_imports,Acquire one reporter-batch bilateral imports CSV for this reporter/year
8,2025,MEX_2025,MEX,MEX,Mexico,Mexico,484,9817.932,2,observed trade from present reporters,WTO Data portal,INDICATORS,Imports by origin,TOTAL / All products,CSV,imports_MEX_2025.csv,C:\Users\Hayden.Stolzenberg\tarriff-tracker-git\data\raw\worldwide\wto_ttd\inbox\imports_batches\imports_MEX_2025.csv,pending,wto_ttd_bilateral_imports,Acquire one reporter-batch bilateral imports CSV for this reporter/year
9,2025,GBR_2025,GBR,GBR,United Kingdom,United Kingdom,826,9360.32,2,observed trade from present reporters,WTO Data portal,INDICATORS,Imports by origin,TOTAL / All products,CSV,imports_GBR_2025.csv,C:\Users\Hayden.Stolzenberg\tarriff-tracker-git\data\raw\worldwide\wto_ttd\inbox\imports_batches\imports_GBR_2025.csv,pending,wto_ttd_bilateral_imports,Acquire one reporter-batch bilateral imports CSV for this reporter/year
10,2025,IDN_2025,IDN,IDN,Indonesia,Indonesia,360,6812.875,2,observed trade from present reporters,WTO Data portal,INDICATORS,Imports by origin,TOTAL / All products,CSV,imports_IDN_2025.csv,C:\Users\Hayden.Stolzenberg\tarriff-tracker-git\data\raw\worldwide\wto_ttd\inbox\imports_batches\imports_IDN_2025.csv,pending,wto_ttd_bilateral_imports,Acquire one reporter-batch bilateral imports CSV for this reporter/year
11,2025,CAN_2025,CAN,CAN,Canada,Canada,124,6333.227,2,observed trade from present reporters,WTO Data portal,INDICATORS,Imports by origin,TOTAL / All products,CSV,imports_CAN_2025.csv,C:\Users\Hayden.Stolzenberg\tarriff-tracker-git\data\raw\worldwide\wto_ttd\inbox\imports_batches\imports_CAN_2025.csv,pending,wto_ttd_bilateral_imports,Acquire one reporter-batch bilateral imports CSV for this reporter/year
12,2025,SAU_2025,SAU,SAU,Saudi Arabia,Saudi Arabia,682,4248.432,2,observed trade from present reporters,WTO Data portal,INDICATORS,Imports by origin,TOTAL / All products,CSV,imports_SAU_2025.csv,C:\Users\Hayden.Stolzenberg\tarriff-tracker-git\data\raw\worldwide\wto_ttd\inbox\imports_batches\imports_SAU_2025.csv,pending,wto_ttd_bilateral_imports,Acquire one reporter-batch bilateral imports CSV for this reporter/year
13,2025,TUR_2025,TUR,TUR,Turkey,Turkey,792,2639.482,2,observed trade from present reporters,WTO Data portal,INDICATORS,Imports by origin,TOTAL / All products,CSV,imports_TUR_2025.csv,C:\Users\Hayden.Stolzenberg\tarriff-tracker-git\data\raw\worldwide\wto_ttd\inbox\imports_batches\imports_TUR_2025.csv,pending,wto_ttd_bilateral_imports,Acquire one reporter-batch bilateral imports CSV for this reporter/year
14,2025,ZAF_2025,ZAF,ZAF,South Africa,South Africa,710,2251.159,2,observed trade from present reporters,WTO Data portal,INDICATORS,Imports by origin,TOTAL / All products,CSV,imports_ZAF_2025.csv,C:\Users\Hayden.Stolzenberg\tarriff-tracker-git\data\raw\worldwide\wto_ttd\inbox\imports_batches\imports_ZAF_2025.csv,pending,wto_ttd_bilateral_imports,Acquire one reporter-batch bilateral imports CSV for this reporter/year
15,2025,DEU_2025,DEU,DEU,Germany,Germany,276,0.0,0,alphabetical fallback,WTO Data portal,INDICATORS,Imports by origin,TOTAL / All products,CSV,imports_DEU_2025.csv,C:\Users\Hayden.Stolzenberg\tarriff-tracker-git\data\raw\worldwide\wto_ttd\inbox\imports_batches\imports_DEU_2025.csv,pending,wto_ttd_bilateral_imports,Acquire one reporter-batch bilateral imports CSV for this reporter/year
16,2025,FRA_2025,FRA,FRA,France,France,250,0.0,0,alphabetical fallback,WTO Data portal,INDICATORS,Imports by origin,TOTAL / All products,CSV,imports_FRA_2025.csv,C:\Users\Hayden.Stolzenberg\tarriff-tracker-git\data\raw\worldwide\wto_ttd\inbox\imports_batches\imports_FRA_2025.csv,pending,wto_ttd_bilateral_imports,Acquire one reporter-batch bilateral imports CSV for this reporter/year
17,2025,ITA_2025,ITA,ITA,Italy,Italy,380,0.0,0,alphabetical fallback,WTO Data portal,INDICATORS,Imports by origin,TOTAL / All products,CSV,imports_ITA_2025.csv,C:\Users\Hayden.Stolzenberg\tarriff-tracker-git\data\raw\worldwide\wto_ttd\inbox\imports_batches\imports_ITA_2025.csv,pending,wto_ttd_bilateral_imports,Acquire one reporter-batch bilateral imports CSV for this reporter/year
